text,label,notes
"What makes Spirit of Eden work is how Talk Talk let silence carry as much weight as the playing. The long rests aren't empty — they reset your ear so the next sax line lands like an event instead of just another phrase.",critique,
"The way Aphex Twin detunes the pads on Rhubarb is the whole trick. They drift slightly flat against the melody so the track always feels like it's about to resolve and never does, which is why it stays hypnotic instead of pretty.",critique,
"good kid m.A.A.d city reframes itself on a second listen once you realize Kendrick isn't a neutral narrator. The sequencing buries the key admission late so the early tracks read totally differently in hindsight.",critique,
"Steely Dan's session perfectionism gets mocked but the point of those clean takes is contrast — the lyrics are seedy and bitter and the immaculate playing makes the sleaze sound respectable, which is the joke.",critique,
"Burial builds everything around vinyl crackle and clipped vocal samples placed off the grid. The timing being slightly human is what makes it feel like memory rather than a dance track.",critique,
"On Blonde, Frank Ocean smears the pitch on his vocals so they sit between two notes. It destabilizes the songs on purpose — nothing feels settled, which matches the writing about uncertainty.",critique,
"The reason Loveless still sounds unplaceable is the glide guitar — Shields bends whole chords with the tremolo arm mid-strum, so the pitch is always moving and your ear can't lock to a key center.",critique,
"Marquee Moon's guitar interplay isn't about solos, it's about two players answering each other in counterpoint. Verlaine and Lloyd trade phrases like a conversation, which is why the long tracks never feel like jamming.",critique,
"What people miss about Yankee Hotel Foxtrot is how the studio noise is structural. The static and radio bleed fill the spaces a cleaner mix would leave, so the album feels claustrophobic in a deliberate way.",critique,
"Madvillainy works because the beats refuse to loop cleanly — Madlib cuts samples short before they resolve, so DOOM's bars have to carry the momentum. The instrumental leans on the rapping instead of the other way around.",critique,
"The drum programming on Discovery is doing the heavy lifting. Daft Punk filter the kicks so the low end pumps with the sidechain, which is why even the slower tracks feel like they're constantly breathing.",critique,
"D'Angelo's Voodoo sounds drunk on purpose. Questlove plays slightly behind the beat and the bass slightly ahead, so the pocket is this elastic thing that never quite locks — that tension is the groove.",critique,
"Joanna Newsom's phrasing on Ys ignores the bar line. She lets the harp set a meter and then sings across it, so the words and the music are in two different time signatures that only occasionally meet.",critique,
"Kid A's coldness is a production choice, not a mood. The Ondes Martenot and processed vocals replace the warm guitar tones from OK Computer, so the human element is always mediated through a machine.",critique,
"The genius of Illmatic is economy — every verse is dense but Nas never wastes a bar setting scenes. DJ Premier's loops are short enough that the rapping always feels like the main event.",critique,
"To Pimp a Butterfly uses live jazz players who clash slightly with the rap rhythm. That friction is intentional — it makes the album feel unstable, like the genre itself is arguing with the message.",critique,
"On In Rainbows the rhythm section is doing math-rock things under pop songs. 15 Step is in 5/4 but it never feels academic because the melody glides over the odd meter like it's the most natural thing.",critique,
"Portishead's Dummy works because the samples are pitched down until they sound sick. The crackle and the detuned strings create this film-noir queasiness that the clean vocal then floats on top of.",critique,
"The reason Pet Sounds still sounds modern is the bass lines move independently of the root. Brian Wilson voices chords with the bass on the third or fifth, so the harmony is always shifting under your feet.",critique,
"A Love Supreme is structured as a single argument across four movements. Coltrane states the four-note cell and then exhausts every permutation of it, so the album is basically a thesis being proven in real time.",critique,
"The lo-fi on Either/Or isn't laziness, it's intimacy. Elliott Smith double-tracks his voice quietly so it sounds like he's confessing right next to you instead of performing.",critique,
"What makes OK Computer cohere is the transitions — songs bleed into each other with field recordings and tape noise so the album reads as one continuous anxiety rather than twelve separate tracks.",critique,
"The bass on Remain in Light is one note held forever while everything cycles above it. Talking Heads borrowed that from Fela — the stasis in the low end is what lets the polyrhythms feel busy without falling apart.",critique,
"Selected Ambient Works II works by removing the beat almost entirely, so your attention shifts to the slow harmonic drift. The tracks are basically chord changes happening too slowly to notice in real time.",critique,
"The mastering on Songs in the Key of Life is intentionally warm and slightly compressed, which is why the dense arrangements never sound cluttered — the limiting glues twenty parts into one.",critique,
"Boards of Canada tune their synths to slightly wrong intervals on purpose. That microtonal drift is why their stuff feels nostalgic and unsettling at once — it sounds like a memory that's been degraded.",critique,
"Closer is built on Hannett's production trick of recording the drums in isolation with tons of reverb, so they sound enormous and lonely at once. The space around each hit is the whole atmosphere.",critique,
"The vocal arrangement on Crimson and Clover uses a tremolo effect on the whole final section. Letting the voice stutter mechanically turns a love song into something hypnotic and strange.",critique,
"My Beautiful Dark Twisted Fantasy works because the maximalism has structure — Kanye keeps adding layers but each one enters on a clear downbeat, so the chaos is always organized underneath.",critique,
"The reason Computer World still hits is Kraftwerk quantized everything to a rigid grid before that was easy. The inhumanity is the point — the rhythm is so precise it loops back around to feeling funky.",critique,
"On Court and Spark, Joni voices her guitar in open tunings that let unusual intervals ring out. Those suspended chords are why even her pop songs sound harmonically restless.",critique,
"The drum sound on When the Levee Breaks is all about the room — Bonham in a stairwell with two mics far away. The reverb is the instrument, not the kit.",critique,
"Tago Mago works because Can never resolve the groove. Jaki Liebezeit plays a loop with tiny variations so it feels alive and mechanical simultaneously, and the band builds tension by refusing to change.",critique,
"The genius of Rumours is that the production is glassy and bright to mask how bitter the lyrics are. The sweetness of the mix is what lets you swallow the divorce album as a pop record.",critique,
"Untrue is basically a study in pitch-shifted vocals having a conversation with themselves. Burial speeds them up and slows them down so a single sample becomes two characters answering each other.",critique,
"The horns on What's Going On are arranged like a Greek chorus, commenting between Marvin's lines rather than just padding the harmony. That call and response is what gives it the feel of a sermon.",critique,
"Trans Europa Express uses the train rhythm as the actual percussion — the metallic clank is sampled and looped. The concept and the beat are the same thing, which is why the album feels so unified.",critique,
"Bitches Brew is edited, not just played. Teo Macero spliced the tape so motifs return out of nowhere, which means the album's structure comes from the editing booth as much as the band.",critique,
"The reason Vespertine feels so intimate is Björk built the beats from tiny domestic sounds — shuffling cards, ice cracking. The percussion is small on purpose so the strings can feel vast by contrast.",critique,
"In the Aeroplane Over the Sea works because the horns are slightly out of tune against the acoustic guitar. The dissonance makes the rawness feel earned rather than just lo-fi for its own sake.",critique,
"Hounds of Love splits into a pop side and a suite, and the suite reuses melodic fragments from the singles. Kate Bush plants those motifs early so the back half feels like a payoff, not a left turn.",critique,
"The production on Channel Orange leaves a lot of air around the vocal. Frank sits dry and close while the instruments are washed in reverb, so the singer always feels present and the world behind him distant.",critique,
"Spiderland's quiet-loud dynamics aren't grunge dynamics — Slint use the silence to make you lean in, then the loud parts feel like an intrusion rather than a release. It's tension without catharsis.",critique,
"The reason Music Has the Right to Children feels haunted is the tape wow and flutter. Boards of Canada let the pitch sag like an old cassette, so everything sounds slightly decayed and unreliable.",critique,
"On Maxinquaye, Tricky buries his own vocals under Martina's so you can never quite tell who's leading. That blurred authorship is the whole mood — paranoid, doubled, unsure who's talking.",critique,
"The strings on Forever Changes are arranged to undercut the sunshine. Love put mariachi horns and ominous orchestration under pretty melodies so the prettiness always feels like it's hiding something.",critique,
"Madonna's Ray of Light works because Orbit's production keeps the vocals slightly gated and stuttering, so even the ballads have this nervous electronic pulse underneath the pop songwriting.",critique,
"The reason Bryter Layter sounds warmer than Nick Drake's other records is the session players — the jazz bass and flute fill the arrangements so his guitar isn't carrying everything alone.",critique,
"Saturation on My Bloody Valentine records is a compositional tool. The guitars are so loud they distort into a single texture, so you stop hearing chords and start hearing weather.",critique,
"The vocal layering on Begin to Hope is doubled at the octave so Regina's voice sounds both childlike and full. That blend is why her phrasing can be playful and devastating in the same line.",critique,
"What I love about Solid Air is how the echo on the vocal is timed to the guitar so the delay becomes a rhythmic part, not just an effect. John Martyn is basically duetting with his own reverb.",critique,
"The reason Selected Ambient Works 85-92 still sounds fresh is the drum machines are pushed past their headroom, so the hats and claps crunch. That grit is what keeps the ambient stuff from going new-age.",critique,
"Donuts works as a tribute because Dilla chops the samples so they hiccup and stutter, leaving the seams visible. You hear the human hand in every cut, which is the emotional content given the circumstances.",critique,
"The piano on Pink Moon is recorded so dry it sounds like it's in the room with you. That lack of reverb is why the album feels like a private performance rather than a record.",critique,
"On Homogenic, Björk pairs brittle digital beats with a full string octet, and the contrast is the concept — the human warmth of the strings fighting the cold programming, which mirrors the lyrics.",critique,
"The reason Loaded sounds so loose is the Velvet Underground recorded it half-finished and you can hear them figuring out arrangements live. The unpolished takes are the charm, not a flaw.",critique,
"Aja's title track changes feel three times in eight minutes but the transitions are smoothed by Wayne Shorter's sax holding a line across the seams, so the suite never feels stitched together.",critique,
"What makes Dummy's beats hit is the drums are sampled off scratchy records and left dusty. Portishead never clean them up, so the hip-hop foundation always sounds like it's coming from another decade.",critique,
"The genius of Screamadelica is that Primal Scream let the producers turn rock songs into dance tracks by stretching the breakdowns. The structure is acid house even when the source material is a guitar band.",critique,
"On Black Messiah, D'Angelo stacks his vocals into a choir of himself, slightly out of sync, so the harmonies smear. That deliberate looseness is what makes the record feel communal and human.",critique,
"The reason Disintegration feels so vast is the Cure drench everything in the same long reverb, so all the instruments share one acoustic space. The album sounds like it was recorded inside a cathedral of synths.",critique,
"Computer-generated drums on 808s and Heartbreak are intentionally stiff, and the Auto-Tune is left obvious. Kanye uses the artificiality to make the grief sound numb, which is more honest than a raw vocal would be.",critique,
"The acoustic guitar on For Emma is recorded close enough to hear the strings buzz, and Bon Iver layers the falsetto until it becomes a pad. The intimacy and the wash coexist, which is the whole sound.",critique,
"What makes the Avalanches' Since I Left You cohere is the sample transitions crossfade so smoothly you can't find the seams. Hundreds of sources become one continuous dream because nothing ever cuts hard.",critique,
"On Stankonia, OutKast speed the tempos up past comfort so the rapping has to scramble to keep pace. That urgency is baked into the BPM, not just the delivery.",critique,
"The reason Grace still sounds singular is Jeff Buckley's vibrato is wide enough to function like an instrument. He bends notes so far that the melody becomes ornamental, which is why covers never match it.",critique,
"Talk Talk recorded Laughing Stock with the lights off and players improvising for hours, then edited down. The album's hush comes from that method — it's the quiet bits of long jams, so it breathes like nothing was forced.",critique,
"The bass synth on I Feel Love is a single arpeggiated line that never stops, and Moroder lets it carry the whole track. The relentlessness is the hook — there's no chorus, just the machine refusing to rest.",critique,
"I've been on a massive Joni Mitchell kick lately. Blue is just one of those records that feels like it was made specifically for your worst moments.",taste,
"Hot take but Yeezus is Kanye's best album. It's the only one where it feels like he genuinely didn't care what anyone thought.",taste,
"Sometimes I put on Disintegration just to feel something. No record gets me the way that one does.",taste,
"In Rainbows is the only Radiohead album I can listen to front to back without skipping. It just feels complete to me.",taste,
"I will never get tired of Rumours. It's comfort food. Every single song is perfect and I don't care if that's basic.",taste,
"Frank Ocean could release an album of him reading a phone book and I'd call it a masterpiece. Blonde rewired my brain.",taste,
"There's something about Pet Sounds that makes me unreasonably emotional. I can't even explain it, it just gets me every time.",taste,
"Steely Dan is the band I didn't appreciate until I hit 30 and now I can't stop. Aja lives in my head rent free.",taste,
"OK Computer was my whole personality at 16 and honestly it kind of still is. No shame.",taste,
"I think Illmatic is overrated to be honest. It's good but I don't get why it's treated like the ceiling of the genre.",taste,
"Kid A is the kind of album you either love or find unbearable and I am firmly in the love camp.",taste,
"Nothing makes me feel cooler than putting on Marquee Moon. It just has this energy I can't describe.",taste,
"I genuinely think To Pimp a Butterfly is the most important album of the decade and I will not be taking questions.",taste,
"Loveless is one of those albums I can fall asleep to and also cry to. It's just a vibe I always come back to.",taste,
"Honestly Madvillainy is the most rewatchable... rewatchable? rerelistenable album for me. Always in rotation.",taste,
"Joni Mitchell's Hejira is criminally slept on. It's my favorite of hers and nobody talks about it.",taste,
"I don't care what anyone says, Yankee Hotel Foxtrot is Wilco's peak and everything after is fine but not that.",taste,
"Voodoo is the sexiest album ever made and I'm fully comfortable saying that.",taste,
"Every time I'm sad I put on For Emma Forever Ago and let it ruin me further. Healthy I'm sure.",taste,
"Portishead's Dummy is the ultimate rainy day record for me. Puts me in a perfect melancholy mood.",taste,
"I think Kanye peaked on My Beautiful Dark Twisted Fantasy and nothing he's done since touches it.",taste,
"Channel Orange is the only album I've ever cried to in the car. Multiple times. Embarrassing but true.",taste,
"Talk Talk's Spirit of Eden is the kind of record that makes me feel like I'm the only person who's ever heard it.",taste,
"Nas is my favorite rapper of all time and Illmatic is just the obvious peak. No notes.",taste,
"I will defend Yeezus to my grave. It's abrasive and weird and that's exactly why I love it.",taste,
"There's no album I've replayed more than In Rainbows. It just never gets old for me.",taste,
"Honestly the Avalanches' Since I Left You is the happiest album ever made and it never fails to lift my mood.",taste,
"Aphex Twin scares me a little and I think that's why I keep going back. Drukqs is unhinged and I love it.",taste,
"Björk's Homogenic is one of those albums I forget exists and then rediscover and lose my mind over again.",taste,
"I think Grace is the most beautiful album ever recorded. Jeff Buckley's voice does something to me.",taste,
"Honestly Donuts makes me emotional every time and I don't even fully know why. It just hits different.",taste,
"Nick Drake's Pink Moon is my go-to when I want to feel quietly devastated. Perfect for 2am.",taste,
"Closer by Joy Division is one of those records I can only listen to in the right mood or it wrecks me.",taste,
"I'm sorry but A Love Supreme is the greatest jazz album ever and it's not even close for me.",taste,
"D'Angelo could put out one album a decade forever and I'd be fine with it as long as they're this good.",taste,
"Discovery is just pure joy. Daft Punk made the soundtrack to being happy and I'll never get tired of it.",taste,
"Honestly Either/Or is the saddest album I own and somehow that's why I love it the most.",taste,
"I think Remain in Light is the best album of the 80s and I'll fight anyone who disagrees, lovingly.",taste,
"Vespertine is my winter album. Every December it comes back into rotation and I can't stop.",taste,
"Maxinquaye is one of the coolest sounding records ever and I don't even care what it's about, the vibe is everything.",taste,
"Kate Bush's Hounds of Love is perfect to me. Not a single wasted second on that album.",taste,
"I genuinely think Fleetwood Mac is better than the Beatles and I know that's a wild thing to say.",taste,
"Untrue is the album I put on when I want to feel lonely in a good way. Burial just gets it.",taste,
"Selected Ambient Works II is my studying album, my sleeping album, my staring out the window album. It does everything.",taste,
"I don't get the hype around Bitches Brew honestly. I respect it but I never actually want to listen to it.",taste,
"Forever Changes is one of those albums I discovered late and felt robbed that nobody told me sooner.",taste,
"Songs in the Key of Life is just Stevie showing off and I'm so glad he did. Pure genius energy.",taste,
"There's something about Music Has the Right to Children that makes me nostalgic for a childhood I didn't even have.",taste,
"I think Court and Spark is Joni's most underrated and it's secretly my favorite of all of them.",taste,
"Honestly the Strokes' first album is still the coolest thing I've ever heard and nothing's topped it for me.",taste,
"Stankonia is just fun. Every time it comes on I remember how much I love OutKast.",taste,
"I could listen to D'Angelo's voice forever. Black Messiah was worth every year of the wait for me.",taste,
"Disintegration is the album I want played at my funeral, no joke. It's that important to me.",taste,
"Honestly I think most ambient music is boring but Selected Ambient Works 85-92 is the exception. Love it endlessly.",taste,
"Bryter Layter is my favorite Nick Drake and I'll die on that hill. The strings just do it for me.",taste,
"I think 808s and Heartbreak gets way too much hate. It's one of my favorites and always has been.",taste,
"There's no record more comforting to me than Solid Air. John Martyn's voice is a warm blanket.",taste,
"Loaded is the most fun Velvet Underground album and I don't care that it's the least cool answer.",taste,
"I always come back to Screamadelica when I want to feel like the night could go anywhere. Pure euphoria.",taste,
"Honestly Begin to Hope is my comfort album. Regina Spektor's quirks are exactly what I love about it.",taste,
"Spiderland is the kind of album I respect more than I enjoy, but when I'm in the mood nothing else works.",taste,
"I think Computer World is Kraftwerk's funniest and best album and I love how prescient it turned out to be.",taste,
"Tago Mago is the album I put on when I want to feel like I'm losing my mind in a fun way.",taste,
"Honestly Crimson and Clover is a perfect song and the album around it is just gravy for me.",taste,
"I think Frank Ocean is the only artist whose every release I'll buy blind. Pure trust at this point.",taste,
"Laughing Stock is the quietest album I own and somehow the most overwhelming. I love it dearly.",taste,
"There's just no skipping on Hounds of Love for me. It's one of the few perfect albums in my collection.",taste,
"I genuinely think Grace by Jeff Buckley is overrated. Great voice but the songs don't all land for me.",taste,
"OutKast's Aquemini is my favorite of theirs and I think it's better than Stankonia, fight me gently.",taste,
"Honestly I just love the way I Feel Love sounds. It's hypnotic and I never want it to end.",taste,
"In the Aeroplane Over the Sea is the album I'm most protective of. It feels too personal to share sometimes.",taste,
"What's an album you think is genuinely misunderstood — not underrated, but actively misread by most people who talk about it?",discussion_prompt,
"Does anyone else feel like music criticism has gotten worse at talking about pop? There's still this residual bias against taking it seriously and I can't tell if it's actually changed.",discussion_prompt,
"What's a record you loved as a teenager that you went back to recently and found completely different? Curious how much of it was the music vs you.",discussion_prompt,
"How do you all feel about the album as a format in the streaming era? Genuine question, not trying to be a doomer about it.",discussion_prompt,
"What artist do you think will be reassessed completely in twenty years, for better or worse? I have my guesses but want to hear yours.",discussion_prompt,
"Is there a genre you wish you could get into but just can't crack? Looking for entry points if anyone wants to share theirs.",discussion_prompt,
"What's the most overrated 'classic' album in your opinion, and do you think the reputation is hype or just not for you?",discussion_prompt,
"Do you think production trends actually define eras more than songwriting does? I keep going back and forth on this.",discussion_prompt,
"What's an album where the lyrics carry it for you even if the music is just okay? Trying to think of examples myself.",discussion_prompt,
"How important is sequencing to you on an album? Like would a different track order actually change how you rate something?",discussion_prompt,
"What's a band whose later work you actually prefer to their celebrated early stuff? Feels like a rare opinion to have.",discussion_prompt,
"Does anyone else find that they discover most of their favorite music in their 30s now rather than their teens? Wondering if that's normal.",discussion_prompt,
"What's an album you think only works because of the era it came out in, and wouldn't land the same today?",discussion_prompt,
"How do you feel about deluxe editions and bonus tracks? Do they ever actually improve an album or just dilute it?",discussion_prompt,
"What's a song that completely changed your understanding of what music could do? Looking for those lightbulb moments.",discussion_prompt,
"Do you think the concept of 'guilty pleasures' in music is dead, or do people still secretly rank their taste?",discussion_prompt,
"What's an album you didn't get on first listen but eventually clicked, and what made it click?",discussion_prompt,
"How much does an artist's personal life affect how you listen to their music? Trying to figure out where I land on this.",discussion_prompt,
"What's the best live album in your opinion, and does a live version ever replace the studio one for you?",discussion_prompt,
"Does anyone else feel like we've run out of genuinely new genres, or am I just not paying attention to the right scenes?",discussion_prompt,
"What's a record that you think is technically brilliant but emotionally cold? Curious if others separate those things.",discussion_prompt,
"How do you discover new music these days now that the old blog ecosystem is basically gone?",discussion_prompt,
"What's an artist everyone says you should love but you just feel nothing for? No judgment, just curious about the disconnect.",discussion_prompt,
"Do you think vinyl actually sounds better or is it mostly the ritual? Honest question, I go back and forth.",discussion_prompt,
"What's the most you've ever changed your mind about an album, from hate to love or the reverse?",discussion_prompt,
"How do you feel about artists who completely abandon the sound that made them famous? Brave or a betrayal?",discussion_prompt,
"What album do you think has the best opening track to closing track arc? Like a real journey start to finish.",discussion_prompt,
"Does anyone else struggle to listen to full albums anymore? Trying to fix my attention span and curious what works for people.",discussion_prompt,
"What's a song you think is objectively well made but you personally can't stand? Want to hear the gap between craft and taste.",discussion_prompt,
"How much do you care about lyrics, honestly? I know people who don't even notice them and I can't relate.",discussion_prompt,
"What's a debut album that the artist never managed to top, and do you think that's a curse or just a high bar?",discussion_prompt,
"Do you think music writing matters anymore, or has it been replaced by people just posting their rankings?",discussion_prompt,
"What's the album you'd use to introduce someone to a genre they've never explored? Building a starter-pack list.",discussion_prompt,
"How do you feel about long albums in general? Is there an ideal runtime or does it depend entirely on the record?",discussion_prompt,
"What artist do you think is doing the most interesting work right now that nobody's talking about yet?",discussion_prompt,
"Does anyone else have an album they love but can never recommend because it's too weird to explain? Share yours.",discussion_prompt,
"What's a cover version that you think is genuinely better than the original, and what does it do differently?",discussion_prompt,
"How do you all feel about instrumental music? Do you need vocals to connect or can a record work without them for you?",discussion_prompt,
"What's the album that got you through your worst year? Not asking why, just curious what people reach for.",discussion_prompt,
"Do you think nostalgia is making us overrate the music of our youth? Trying to be honest with myself about this.",discussion_prompt,
"What's a genre tag you think is basically meaningless at this point? Feels like half of them describe nothing.",discussion_prompt,
"How important is an album's cover art to your relationship with it? Wondering if I'm alone in caring this much.",discussion_prompt,
"What's a record you think is perfect except for one song, and do you skip it or accept it as part of the whole?",discussion_prompt,
"Does anyone else find that certain albums are tied so tightly to a season that you can't listen out of context?",discussion_prompt,
"What's the most overplayed song that you still genuinely love despite hearing it a thousand times?",discussion_prompt,
"How do you feel about artists releasing music constantly vs taking years between albums? Does scarcity make it better?",discussion_prompt,
"What's an album you think is a grower that most people give up on too early? Trying to compile patient-listener recs.",discussion_prompt,
"Do you think there's such a thing as objectively bad music, or is it all just context and taste in the end?",discussion_prompt,
"What's a band you got into entirely through one song before realizing the rest didn't sound anything like it?",discussion_prompt,
"How do you organize the music you love? Playlists, full albums, moods? Curious how people actually listen now.",discussion_prompt,
"What's an album you respect enormously but never actually want to put on? The gap between admiration and enjoyment.",discussion_prompt,
"Do you think the loudness war actually ruined modern records or is that an overblown audiophile complaint?",discussion_prompt,
"What's the strangest entry point you had into an artist you now love? Sometimes the door in is the weirdest track.",discussion_prompt,
"How do you feel about reunion albums from bands long past their prime? Worth it or better left alone?",discussion_prompt,
"What album do you think defines this decade so far, for whatever reason? Want to hear what people are picking.",discussion_prompt,
"Does anyone else feel guilty skipping tracks on a 'serious' album, like you're disrespecting the artist's intent?",discussion_prompt,
"What's a record that everyone calls depressing but actually makes you feel better? Curious about that inversion.",discussion_prompt,
"How much does where you listen matter to you? Some albums only work for me on headphones at night and I can't explain it.",discussion_prompt,
"What's an artist you think is more important as an influence than for their actual records? The kind everyone borrows from.",discussion_prompt,
"Radiohead's guitar tones on The Bends are so underrated — everything after got more electronic but those riffs are some of the best in rock.",critique,"hard case: names element (guitar tones) but only to praise it, leans taste; kept critique because it makes a comparative claim about the catalog"
"The production on DAMN. feels so claustrophobic and I think that's what makes it his most intense project.",taste,"hard case: names production quality and an effect but it's attached to a preference without explaining mechanism"
"I've been thinking about whether artists owe anything to their early fanbase when they change sound. Feels like the answer is obviously no, but I want to hear what people think.",discussion_prompt,"hard case: contains a soft opinion but primary function is to solicit responses"
"Kind of Blue is just so smooth, it's the perfect dinner party record and that's honestly its highest use to me.",taste,"hard case: could read as a comment on the music's character but it's purely about use/preference"
"The way the drums sound on that record is insane, like genuinely some of the best drum sounds ever, I could listen all day.",taste,"hard case: names an element (drum sound) and calls it great but never says how or why it works"
"Is it just me or does every great album have one weak track that you grow to love anyway? Mine is the closer on OK Computer.",discussion_prompt,"hard case: includes a personal example but the post is structured as a question to the community"
"What makes the bridge on that song work is how it drops to half-time and strips the arrangement to just bass and voice before the band crashes back in.",critique,"clear critique: describes a structural mechanism and its effect"
"Honestly the saddest chord change in music is in that one song and I think about it constantly, no further analysis needed.",taste,"hard case: references a specific musical event (chord change) but only as an object of feeling, no mechanism"
